{
  "gp": {
    "val": {
      "rmse": 0.07614365873091576,
      "mae": 0.04152562403160468,
      "r2": 0.36018880782725493
    },
    "test": {
      "rmse": 0.08485755750634334,
      "mae": 0.04531112555618813,
      "r2": 0.27571947583712453
    },
    "calibration": {
      "cov_68": 0.9312,
      "cov_95": 0.9887111111111111
    }
  },
  "rf": {
    "val": {
      "rmse": 0.060103342900739806,
      "r2": 0.6013593277826386
    },
    "test": {
      "rmse": 0.06526538122581982,
      "r2": 0.5715585195939072
    }
  },
  "dataset": {
    "n_train": 1200,
    "n_val": 150,
    "n_test": 150,
    "n_pca_components": 26
  }
}